"username","article_count","editathon_code","editathon_description","last_submitted_date"
Yasasuru,255,asian-month-2017-si,Wikipedia Asian Month 2017 Sinhalese edition,2017-11-30 14:37:38
ThiênĐế98,242,asian-month-2017-vi,Wikipedia Asian Month 2017 Vietnamese edition,2017-11-30 15:38:22
Waraka Saki,152,asian-month-2017-bn,Wikipedia Asian Month 2017 Bengali edition,2017-11-30 07:24:40
Kieprongbuon812,121,asian-month-2017-vi,Wikipedia Asian Month 2017 Vietnamese edition,2017-11-29 13:06:07
খাঁ শুভেন্দু,111,asian-month-2017-bn,Wikipedia Asian Month 2017 Bengali edition,2017-11-29 10:45:23
Pierrewee,107,asian-month-2017-id,Wikipedia Asian Month 2017 Indonesian edition,2017-11-30 14:12:04
Tuga1143,106,asian-month-2017-pt,Wikipedia Asian Month 2017 Portugese edition,2017-11-30 23:39:45
Theodore Xu,105,asian-month-2017-zh,Wikipedia Asian Month 2017 Chinese edition,2017-11-30 13:23:46
Pratyya Ghosh,101,asian-month-2017-bn,Wikipedia Asian Month 2017 Bengali edition,2017-11-29 16:57:41
DanGong,93,asian-month-2017-vi,Wikipedia Asian Month 2017 Vietnamese edition,2017-11-26 11:43:41
Nandachuva,93,asian-month-2017-pt,Wikipedia Asian Month 2017 Portugese edition,2017-11-30 19:04:45
Rochelimit,86,asian-month-2017-en,Wikipedia Asian Month 2017 English edition,2017-11-30 15:49:02
Cbyd,86,asian-month-2017-fr,Wikipedia Asian Month 2017 French edition,2017-11-30 20:15:28
Qolcomaq,80,asian-month-2017-az,Wikipedia Asian Month 2017 Azerbaijani edition,2017-11-30 10:17:13
Malikaveedu,74,asian-month-2017-ml,Wikipedia Asian Month 2017 Malayalam edition,2017-11-30 15:50:29
Plank,73,asian-month-2017-es,Wikipedia Asian Month 2017 Spanish edition,2017-11-30 01:20:42
Hijiri88,71,asian-month-2017-en,Wikipedia Asian Month 2017 English edition,2017-11-28 13:02:48
Tsaag Valren,68,asian-month-2017-fr,Wikipedia Asian Month 2017 French edition,2017-11-30 14:12:59
Cha Rồng,65,asian-month-2017-vi,Wikipedia Asian Month 2017 Vietnamese edition,2017-11-23 11:24:05
Darthvader2,62,asian-month-2017-es,Wikipedia Asian Month 2017 Spanish edition,2017-11-28 20:41:30
Langladure,62,asian-month-2017-fr,Wikipedia Asian Month 2017 French edition,2017-11-30 22:50:18
Qweasdqwe,61,asian-month-2017-ru,Wikipedia Asian Month 2017 Russian edition,2017-11-30 20:45:44
Гүзәл Ситдиҡова,58,asian-month-2017-ba,Wikipedia Asian Month 2017 Bashkir edition,2017-11-30 17:49:14
DariaShishkova,56,asian-month-2017-ru-thai,Wikipedia Asian Month 2017 Russian edition. Russia-Thailand subcontest,2017-11-30 18:52:48
DariaShishkova,56,asian-month-2017-ru,Wikipedia Asian Month 2017 Russian edition,2017-11-30 19:39:34
